Item Code,Material Name,Category,Unit,Base Rate (INR),Mumbai Rate,Nashik Rate,Specification,Authority
"MH-PWD-MAT-01","Ordinary Portland Cement (OPC 53 Grade)","Concrete & Masonry","bag (50kg)",380,410,390,"Conforming to IS 269:2015 Clause 5.1","Maharashtra PWD SSR Item 3.01 / CPWD DSR Item 3.1"
"MH-PWD-MAT-02","Portland Pozzolana Cement (PPC)","Concrete & Masonry","bag (50kg)",350,375,360,"Conforming to IS 1489 (Part 1):2015","Maharashtra PWD SSR Item 3.02"
"MH-PWD-MAT-03","TMT Steel Fe-500D High Ductility Reinforcement Bars","Metals & Steel","kg",68.5,74,70,"Thermo-Mechanically Treated bars conforming to IS 1786:2008 Grade Fe500D","Maharashtra PWD SSR Item 5.22 / CPWD DSR Item 5.22"
"MH-PWD-MAT-04","TMT Steel Fe-550D High Strength Corrosion Resistant Bars","Metals & Steel","kg",72,78.5,74,"Earthquake and corrosion resistant steel bars as per IS 1786:2008 Annexure B","Maharashtra PWD SSR Item 5.23"
"MH-PWD-MAT-05","Coarse Aggregate 20mm Nominal Size","Aggregates","m³",1180,1350,1210,"Crushed hard basalt stone aggregate conforming to IS 383:2016 Table 2","Maharashtra PWD SSR Item 3.05"
"MH-PWD-MAT-06","Coarse Aggregate 10mm Nominal Size","Aggregates","m³",1280,1450,1310,"Crushed stone aggregate conforming to IS 383:2016 Table 2","Maharashtra PWD SSR Item 3.06"
"MH-PWD-MAT-07","Fine Aggregate / Natural River Sand (Zone II)","Aggregates","m³",1750,2100,1820,"Naturally well-graded river sand conforming to IS 383:2016 Zone II","Maharashtra PWD SSR Item 3.08 / MJP SSR Item 47"
"MH-PWD-MAT-08","Manufactured Sand (M-Sand for Concrete)","Aggregates","m³",1400,1650,1460,"Crushed basalt stone sand conforming to IS 383:2016 Clause 4.2","Maharashtra PWD SSR Item 3.09"
"MH-PWD-MAT-09","First Class Burnt Clay Bricks (Class 10 N/mm²)","Concrete & Masonry","1000 nos",7800,8500,8000,"Compressive strength not less than 10 N/mm² conforming to IS 1077:1992","Maharashtra PWD SSR Item 6.01"
"MH-PWD-MAT-10","AAC Blocks (Autoclaved Aerated Concrete 600 kg/m³)","Concrete & Masonry","m³",3350,3700,3450,"Precast AAC masonry units conforming to IS 2185 (Part 3):2021","Maharashtra PWD SSR Item 6.04"
"MH-PWD-MAT-11","Ready Mix Concrete M25 Grade","Concrete & Masonry","m³",4250,4800,4350,"Design mix concrete M25 as per IS 456:2000 and IS 4926","Maharashtra PWD SSR Item 4.13 / CPWD DSR Item 4.1.3"
"MH-PWD-MAT-12","Ready Mix Concrete M30 Grade","Concrete & Masonry","m³",4550,5100,4650,"Design mix concrete M30 as per IS 456:2000 Table 5","Maharashtra PWD SSR Item 4.15 / CPWD DSR Item 4.1.5"
"MH-PWD-MAT-13","Structural Steel Sections (Beams, Channels, Angles)","Metals & Steel","kg",76.5,83,78,"Hot rolled structural steel conforming to IS 2062:2011 Grade E250 Quality A","Maharashtra PWD SSR Item 12.01"
"MH-PWD-MAT-14","Vitrified Floor Tiles (600x600 mm Heavy Duty)","Finishes","m²",680,780,700,"Double charged vitrified tiles conforming to IS 15622:2017 Group BIa","Maharashtra PWD SSR Item 11.02"
"MH-PWD-MAT-15","Premium Acrylic Emulsion Exterior Wall Paint","Finishes","litre",295,330,305,"Weatherproof exterior emulsion paint conforming to IS 15489:2004","Maharashtra PWD SSR Item 13.01"